{
    "metadata": {
        "name": "Buondua",
        "author": "Echorio",
        "version": 1,
        "source": "https://buondua.com/",
        "regexp": "https://buondua.com/.+",
        "description": "Tập Hợp Album của Buondua",
        "locale": "vi_VN",
        "tag": "nsfw",
        "type": "comic",
        "language": "javascript"
    },
    "script": {
        "home": "home.js",
        "genre": "genre.js",
        "detail": "detail.js",
        "toc": "toc.js",
        "chap": "chap.js"
    }
}